10200.jpg,2,2
10650.jpg,3,3
10800.jpg,0,0
12100.jpg,1,1
12150.jpg,0,0
12700.jpg,0,0
13900.jpg,0,2
14000.jpg,0,1
14350.jpg,1,1
15150.jpg,0,0
15450.jpg,0,0
16000.jpg,0,0
16500.jpg,0,0
17600.jpg,0,3
18650.jpg,0,0
18950.jpg,0,0
20600.jpg,0,0
22400.jpg,0,0
22750.jpg,1,1
23150.jpg,1,1
23450.jpg,1,3
23500.jpg,3,3
25100.jpg,2,2
25800.jpg,0,0
26400.jpg,0,0
26450.jpg,0,0
26650.jpg,1,0
26950.jpg,1,1
27200.jpg,1,2
28550.jpg,1,1
28650.jpg,0,0
29050.jpg,0,1
29650.jpg,0,0
30550.jpg,0,0
30600.jpg,0,0
33200.jpg,0,0
33300.jpg,0,0
33650.jpg,0,0
35400.jpg,0,0
36100.jpg,0,0
36150.jpg,0,0
36250.jpg,0,0
36950.jpg,0,0
38000.jpg,1,2
39000.jpg,1,1
39800.jpg,0,0
39950.jpg,2,2
40000.jpg,2,2
40600.jpg,0,0
41250.jpg,0,0
42200.jpg,0,0
42950.jpg,1,1
44100.jpg,1,1
44300.jpg,0,0
44500.jpg,0,0
45350.jpg,1,1
45700.jpg,3,5
46100.jpg,0,0
47100.jpg,0,0
48100.jpg,0,0
48850.jpg,0,0
50050.jpg,0,1
50350.jpg,0,0
51000.jpg,0,0
51350.jpg,1,1
51400.jpg,1,1
51550.jpg,2,2
51800.jpg,3,3
52600.jpg,0,0
52650.jpg,0,0
52900.jpg,1,1
53150.jpg,1,4
53350.jpg,2,2
54900.jpg,0,1
55450.jpg,0,0
55800.jpg,0,0
57300.jpg,0,0
57600.jpg,0,0
59750.jpg,0,0
60400.jpg,1,1
60650.jpg,1,0
60700.jpg,1,0
61650.jpg,1,1
61850.jpg,1,1
64500.jpg,1,1
64900.jpg,0,0
65350.jpg,0,0
65500.jpg,0,0
65750.jpg,1,1
66500.jpg,1,0
67550.jpg,0,0
67650.jpg,0,0
68650.jpg,0,0
69150.jpg,0,0
72250.jpg,1,1
73100.jpg,1,2
76050.jpg,0,0
76300.jpg,1,1
76400.jpg,1,1
77100.jpg,1,1
77250.jpg,2,2
78150.jpg,0,0
78600.jpg,0,0
79300.jpg,1,0
79400.jpg,1,1
7950.jpg,1,1
79550.jpg,0,0
79750.jpg,1,1
80250.jpg,0,0
81100.jpg,0,0
82700.jpg,0,0
82750.jpg,0,0
83150.jpg,1,3
83550.jpg,0,0
84150.jpg,0,0
84800.jpg,2,2
